userid,churn_probability (%),churn_risk
1009,42.21,Medium
1011,100.0,High
1015,31.8,Low
1018,89.44,High
1021,31.8,Low
1022,82.0,High
1025,93.11,High
1028,31.8,Low
1030,91.02,High
1034,31.8,Low
1037,100.0,High
1042,100.0,High
1047,81.44,High
1049,72.74,High
1051,36.41,Low
1052,99.5,High
1053,31.8,Low
1055,36.41,Low
1058,98.0,High
1059,100.0,High
1060,31.8,Low
1063,36.41,Low
1064,31.8,Low
1065,75.87,High
1069,31.8,Low
1070,93.11,High
1071,31.8,Low
1073,95.91,High
1074,100.0,High
1077,66.45,Medium
1080,17.18,Low
1081,89.83,High
1086,81.44,High
1090,100.0,High
1091,100.0,High
1094,100.0,High
1099,100.0,High
1107,88.33,High
1118,100.0,High
1121,24.47,Low
1125,59.09,Medium
1126,100.0,High
1132,39.0,Low
1136,100.0,High
1138,100.0,High
1140,100.0,High
1147,59.09,Medium
1150,78.53,High
1152,93.11,High
1153,100.0,High
1156,90.66,High
1161,66.37,Medium
1165,69.31,Medium
1166,31.8,Low
1167,100.0,High
1173,78.35,High
1174,31.8,Low
1177,100.0,High
1180,97.0,High
1182,98.0,High
1183,100.0,High
1185,31.8,Low
1187,41.0,Medium
1193,31.8,Low
1200,100.0,High
1204,50.8,Medium
1208,100.0,High
1210,66.45,Medium
1212,73.27,High
1217,81.44,High
1220,66.63,Medium
1222,100.0,High
1223,98.48,High
1225,99.5,High
1226,79.21,High
1231,100.0,High
1232,95.91,High
1234,75.95,High
1236,66.45,Medium
1237,30.86,Low
1240,36.41,Low
1243,17.23,Low
1245,21.35,Low
1246,100.0,High
1247,87.4,High
1249,69.31,Medium
1252,100.0,High
1257,71.86,High
1259,99.0,High
1265,98.5,High
1268,95.9,High
1269,2.5,Low
1272,31.8,Low
1273,97.25,High
1274,31.8,Low
1281,99.0,High
1282,31.8,Low
1283,98.0,High
1288,40.62,Medium
1293,36.41,Low
1294,31.8,Low
1300,100.0,High
1304,24.47,Low
1314,89.44,High
1317,100.0,High
1326,40.62,Medium
1334,75.87,High
1336,31.8,Low
1337,100.0,High
1338,100.0,High
1346,69.31,Medium
1347,59.09,Medium
1349,93.11,High
1351,31.8,Low
1353,36.41,Low
1356,100.0,High
1359,100.0,High
1360,100.0,High
1364,78.53,High
1365,31.8,Low
1370,99.5,High
1372,31.8,Low
1381,96.67,High
1382,100.0,High
1393,31.8,Low
1395,100.0,High
1397,100.0,High
1400,99.0,High
1402,78.53,High
1407,36.41,Low
1411,31.8,Low
1414,100.0,High
1415,99.67,High
1417,51.6,Medium
1428,100.0,High
1430,100.0,High
1433,78.7,High
1437,42.21,Medium
1440,31.8,Low
1441,66.45,Medium
1449,31.8,Low
1453,27.89,Low
1456,31.8,Low
1458,100.0,High
1462,66.63,Medium
1470,75.87,High
1478,35.33,Low
1485,4.25,Low
1486,31.8,Low
1487,17.18,Low
1490,40.62,Medium
1495,31.8,Low
1498,31.8,Low
1501,69.31,Medium
1503,4.25,Low
1507,98.0,High
1509,31.8,Low
1511,31.8,Low
1522,31.8,Low
1525,65.95,Medium
1526,36.41,Low
1528,100.0,High
1534,71.86,High
1539,100.0,High
1541,66.45,Medium
1544,31.8,Low
1549,31.8,Low
1551,100.0,High
1553,31.8,Low
1554,31.8,Low
1559,31.8,Low
1560,59.09,Medium
1561,100.0,High
1565,83.08,High
1566,39.0,Low
1570,100.0,High
1576,100.0,High
1578,98.0,High
1581,72.74,High
1583,50.13,Medium
1585,2.5,Low
1587,54.2,Medium
1588,93.11,High
1589,31.8,Low
1592,99.5,High
1593,100.0,High
1595,97.87,High
1598,31.8,Low
1603,59.09,Medium
1604,100.0,High
1607,100.0,High
1608,50.8,Medium
1614,98.63,High
1616,93.11,High
1622,100.0,High
1624,100.0,High
1625,34.18,Low
1630,78.53,High
1634,100.0,High
1636,95.63,High
1638,100.0,High
1641,31.8,Low
1647,98.03,High
1652,93.15,High
1656,66.63,Medium
1663,31.8,Low
1664,97.87,High
1665,100.0,High
1666,100.0,High
1673,31.8,Low
1675,31.8,Low
1681,81.44,High
1683,93.11,High
1685,24.47,Low
1688,100.0,High
1693,74.42,High
1697,98.0,High
1698,100.0,High
1701,95.91,High
1702,31.8,Low
1712,100.0,High
1716,66.45,Medium
1722,66.37,Medium
1723,66.63,Medium
1726,31.8,Low
1727,36.41,Low
1731,66.37,Medium
1735,93.15,High
1737,93.11,High
1739,72.74,High
1742,93.11,High
1743,31.8,Low
1744,98.48,High
1745,100.0,High
1746,54.2,Medium
1748,81.44,High
1750,89.39,High
1756,88.33,High
1759,95.63,High
1761,78.53,High
1766,31.8,Low
1772,59.09,Medium
1775,31.8,Low
1777,100.0,High
1779,93.15,High
1780,95.91,High
1781,100.0,High
1787,89.83,High
1789,100.0,High
1790,100.0,High
1791,31.8,Low
1792,100.0,High
1798,100.0,High
1800,100.0,High
1803,100.0,High
1805,99.5,High
1808,66.45,Medium
1809,100.0,High
1810,100.0,High
1812,91.1,High
1816,31.8,Low
1820,100.0,High
1825,31.8,Low
1829,85.64,High
1830,100.0,High
1831,31.8,Low
1832,75.0,High
1833,35.33,Low
1837,66.45,Medium
1841,98.0,High
1842,31.8,Low
1844,100.0,High
1845,66.45,Medium
1846,35.7,Low
1850,97.25,High
1857,93.11,High
1858,95.9,High
1863,95.91,High
1869,59.09,Medium
1871,98.63,High
1875,100.0,High
1877,100.0,High
1878,100.0,High
1887,31.8,Low
1889,31.8,Low
1900,99.75,High
1901,56.26,Medium
1906,81.44,High
1909,100.0,High
1911,69.31,Medium
1912,90.66,High
1913,71.98,High
1918,98.67,High
1919,24.47,Low
1920,37.0,Low
1922,98.0,High
1930,66.45,Medium
1931,31.8,Low
1933,36.41,Low
1936,31.8,Low
1937,69.31,Medium
1939,66.45,Medium
1940,73.0,High
1948,69.31,Medium
1950,78.53,High
1951,78.53,High
1952,75.0,High
1955,100.0,High
1957,100.0,High
1958,81.44,High
1959,27.89,Low
1962,31.8,Low
1963,100.0,High
1965,31.8,Low
1978,98.0,High
1979,100.0,High
1983,51.6,Medium
1986,97.0,High
1989,93.11,High
1991,97.33,High
1997,91.02,High
2000,21.35,Low
2003,31.8,Low
2004,31.8,Low
2008,31.8,Low
2013,97.0,High
2014,100.0,High
2015,17.18,Low
2021,93.11,High
2024,99.0,High
2026,87.25,High
2030,31.8,Low
2031,24.47,Low
2032,31.32,Low
2033,31.32,Low
2034,40.62,Medium
2035,28.86,Low
2036,28.86,Low
2037,31.8,Low
2038,36.41,Low
2039,28.86,Low
2040,40.62,Medium
2041,31.32,Low
2042,24.47,Low
2043,28.86,Low
2044,40.62,Medium
2045,30.86,Low
2046,24.0,Low
2047,31.8,Low
2048,31.8,Low
2049,31.8,Low
2050,36.41,Low
2051,28.86,Low
2052,35.7,Low
2053,24.47,Low
2054,28.86,Low
2055,24.47,Low
2056,31.8,Low
2057,28.86,Low
2058,36.41,Low
2059,35.7,Low
2060,28.86,Low
2061,28.86,Low
2062,31.8,Low
2063,36.41,Low
2064,35.7,Low
2065,24.0,Low
2066,30.86,Low
2067,24.47,Low
2068,31.8,Low
2069,24.0,Low
2070,28.86,Low
2071,31.32,Low
2072,40.62,Medium
2073,30.86,Low
2074,28.86,Low
2075,31.8,Low
2076,31.8,Low
2077,31.8,Low
2078,31.8,Low
2079,31.32,Low
2080,24.47,Low
2081,36.41,Low
2082,35.7,Low
2083,24.0,Low
2084,36.41,Low
2085,36.41,Low
2086,31.32,Low
2087,31.32,Low
2088,30.86,Low
2089,31.8,Low
2090,31.8,Low
2091,28.86,Low
2092,36.41,Low
2093,40.62,Medium
2094,31.8,Low
2095,24.0,Low
2096,36.41,Low
2097,31.8,Low
2098,31.8,Low
2099,40.62,Medium
2100,28.86,Low
2101,31.8,Low
2102,31.32,Low
2103,31.8,Low
2104,24.0,Low
2105,31.8,Low
2106,31.32,Low
2107,35.7,Low
2108,31.8,Low
2109,24.47,Low
2110,31.8,Low
2111,35.7,Low
2112,36.41,Low
2113,36.41,Low
2114,36.41,Low
2115,24.0,Low
2116,31.8,Low
2117,31.8,Low
2118,28.86,Low
2119,36.41,Low
2120,30.86,Low
2121,24.47,Low
2122,28.86,Low
2123,28.86,Low
2124,30.86,Low
2125,31.8,Low
2126,24.47,Low
2127,31.32,Low
2128,40.62,Medium
2129,35.7,Low
2130,31.8,Low
2131,24.0,Low
2132,31.32,Low
2133,30.86,Low
2134,31.8,Low
2135,31.32,Low
2136,30.86,Low
2137,40.62,Medium
2138,35.7,Low
2139,30.86,Low
2140,24.47,Low
2141,24.47,Low
2142,24.0,Low
2143,24.47,Low
2144,30.86,Low
2145,31.8,Low
2146,31.8,Low
2147,40.62,Medium
2148,24.0,Low
2149,30.86,Low
2150,31.8,Low
2151,31.8,Low
2152,40.62,Medium
2153,30.86,Low
2154,31.32,Low
2155,36.41,Low
2156,30.86,Low
2157,40.62,Medium
2158,35.7,Low
2159,31.8,Low
2160,30.86,Low
2161,40.62,Medium
2162,35.7,Low
2163,31.8,Low
2164,28.86,Low
2165,24.47,Low
2166,40.62,Medium
2167,24.47,Low
2168,24.0,Low
2169,24.0,Low
2170,36.41,Low
2171,28.86,Low
2172,24.0,Low
2173,30.86,Low
2174,31.8,Low
2175,31.32,Low
2176,28.86,Low
2177,35.7,Low
2178,24.0,Low
2179,30.86,Low
2180,30.86,Low
2181,31.8,Low
2182,31.8,Low
2183,30.86,Low
2184,35.7,Low
2185,24.47,Low
2186,24.0,Low
2187,31.8,Low
2188,30.86,Low
2189,40.62,Medium
2190,40.62,Medium
2191,28.86,Low
2192,28.86,Low
2193,31.8,Low
2194,24.47,Low
2195,36.41,Low
2196,31.8,Low
2197,31.8,Low
2198,30.86,Low
2199,36.41,Low
2200,31.32,Low
2201,31.32,Low
2202,35.7,Low
2203,31.32,Low
2204,31.8,Low
2205,36.41,Low
2206,31.8,Low
2207,31.8,Low
2208,31.32,Low
2209,40.62,Medium
2210,24.47,Low
2211,31.8,Low
2212,31.32,Low
2213,31.8,Low
2214,30.86,Low
2215,24.0,Low
2216,31.32,Low
2217,35.7,Low
2218,31.8,Low
2219,30.86,Low
2220,40.62,Medium
2221,24.47,Low
2222,31.8,Low
2223,24.47,Low
2224,28.86,Low
2225,31.8,Low
2226,31.8,Low
2227,31.8,Low
2228,35.7,Low
2229,28.86,Low
2230,31.8,Low
2231,24.47,Low
2232,24.0,Low
2233,31.32,Low
2234,40.62,Medium
2235,24.0,Low
2236,40.62,Medium
2237,35.7,Low
2238,31.8,Low
2239,35.7,Low
2240,31.32,Low
2241,31.32,Low
2242,36.41,Low
2243,30.86,Low
2244,31.32,Low
2245,35.7,Low
2246,31.8,Low
2247,35.7,Low
2248,35.7,Low
2249,28.86,Low
2250,40.62,Medium
2251,31.32,Low
2252,31.8,Low
2253,31.8,Low
2254,31.32,Low
2255,35.7,Low
2256,31.8,Low
2257,30.86,Low
2258,40.62,Medium
2259,24.0,Low
2260,28.86,Low
2261,31.32,Low
2262,31.32,Low
2263,24.0,Low
2264,35.7,Low
2265,24.0,Low
2266,36.41,Low
2267,31.8,Low
2268,24.47,Low
2269,24.0,Low
2270,35.7,Low
2271,40.62,Medium
2272,35.7,Low
2273,35.7,Low
2274,40.62,Medium
2275,31.8,Low
2276,40.62,Medium
2277,30.86,Low
2278,40.62,Medium
2279,30.86,Low
2280,24.0,Low
2281,36.41,Low
2282,31.32,Low
2283,31.32,Low
2284,28.86,Low
2285,36.41,Low
2286,31.32,Low
2287,30.86,Low
2288,30.86,Low
2289,36.41,Low
2290,24.0,Low
2291,35.7,Low
2292,24.0,Low
2293,36.41,Low
2294,24.0,Low
2295,28.86,Low
2296,31.32,Low
2297,24.47,Low
2298,31.32,Low
2299,28.86,Low
2300,35.7,Low
2301,36.41,Low
2302,31.8,Low
2303,31.8,Low
2304,31.8,Low
2305,36.41,Low
2306,31.32,Low
2307,24.0,Low
2308,35.7,Low
2309,30.86,Low
2310,35.7,Low
2311,28.86,Low
2312,24.47,Low
2313,35.7,Low
2314,40.62,Medium
2315,31.32,Low
2316,24.0,Low
2317,24.47,Low
2318,36.41,Low
2319,31.8,Low
2320,40.62,Medium
2321,40.62,Medium
2322,31.32,Low
2323,30.86,Low
2324,30.86,Low
2325,31.8,Low
2326,30.86,Low
2327,31.8,Low
2328,31.32,Low
2329,28.86,Low
2330,35.7,Low
2331,24.47,Low
2332,24.0,Low
2333,28.86,Low
2334,31.32,Low
2335,35.7,Low
2336,31.8,Low
2337,40.62,Medium
2338,36.41,Low
2339,31.32,Low
2340,31.32,Low
2341,40.62,Medium
2342,31.32,Low
2343,31.8,Low
2344,36.41,Low
2345,31.8,Low
2346,35.7,Low
2347,36.41,Low
2348,30.86,Low
2349,24.0,Low
2350,28.86,Low
2351,24.47,Low
2352,35.7,Low
2353,36.41,Low
2354,31.8,Low
2355,31.8,Low
2356,35.7,Low
2357,40.62,Medium
2358,24.0,Low
2359,30.86,Low
2360,30.86,Low
2361,31.8,Low
2362,30.86,Low
2363,24.47,Low
2364,31.8,Low
2365,31.32,Low
2366,31.8,Low
2367,31.8,Low
2368,35.7,Low
2369,28.86,Low
2370,28.86,Low
2371,28.86,Low
2372,31.8,Low
2373,28.86,Low
2374,30.86,Low
2375,31.32,Low
2376,24.47,Low
2377,35.7,Low
2378,35.7,Low
2379,30.86,Low
3034,31.32,Low
3039,36.41,Low
3041,30.86,Low
3044,28.86,Low
3049,28.86,Low
3052,28.86,Low
3053,31.8,Low
3054,35.7,Low
3057,31.8,Low
3058,40.62,Medium
3060,28.86,Low
3066,28.86,Low
3069,35.7,Low
3077,30.86,Low
3078,24.47,Low
3085,28.86,Low
3091,36.41,Low
3095,40.62,Medium
3098,30.86,Low
3104,30.86,Low
3106,35.7,Low
3108,24.47,Low
3110,31.8,Low
3112,28.86,Low
3122,31.8,Low
3126,31.8,Low
3134,31.8,Low
3136,31.8,Low
3138,36.41,Low
3139,24.47,Low
3140,40.62,Medium
3141,40.62,Medium
3148,40.62,Medium
3149,24.0,Low
3152,24.47,Low
3161,31.32,Low
3163,31.32,Low
3165,31.8,Low
3167,24.0,Low
3168,30.86,Low
3169,30.86,Low
3172,24.0,Low
3175,35.7,Low
3177,31.8,Low
3178,36.41,Low
3184,31.8,Low
3185,28.86,Low
3189,28.86,Low
3190,36.41,Low
3192,31.8,Low
3193,30.86,Low
3196,24.47,Low
3200,24.0,Low
3203,35.7,Low
3209,31.8,Low
3210,30.86,Low
3220,35.7,Low
3225,31.8,Low
3226,36.41,Low
3228,31.8,Low
3231,24.47,Low
3232,36.41,Low
3233,31.8,Low
3235,31.8,Low
3237,31.8,Low
3242,35.7,Low
3243,31.8,Low
3244,30.86,Low
3246,24.0,Low
3248,36.41,Low
3249,31.8,Low
3250,24.0,Low
3251,31.8,Low
3256,31.8,Low
3261,36.41,Low
3264,28.86,Low
3265,35.7,Low
3267,31.8,Low
3268,40.62,Medium
3271,31.8,Low
3272,36.41,Low
3273,28.86,Low
3274,31.32,Low
3289,35.7,Low
3291,35.7,Low
3294,24.0,Low
3301,36.41,Low
3303,35.7,Low
3304,24.0,Low
3307,24.0,Low
3311,28.86,Low
3318,28.86,Low
3320,40.62,Medium
3326,35.7,Low
3327,31.32,Low
3330,24.0,Low
3332,30.86,Low
3334,35.7,Low
3336,36.41,Low
3341,36.41,Low
3343,36.41,Low
3346,28.86,Low
3348,30.86,Low
3349,24.47,Low
3352,40.62,Medium
3355,40.62,Medium
3356,24.47,Low
3362,30.86,Low
3363,35.7,Low
3364,28.86,Low
3368,30.86,Low
3372,31.8,Low
3379,24.0,Low
3381,31.32,Low
3387,31.8,Low
3389,40.62,Medium
3390,31.8,Low
3391,35.7,Low
3392,24.47,Low
3395,31.32,Low
3396,30.86,Low
3399,30.86,Low
3400,24.47,Low
3404,31.32,Low
3406,31.8,Low
3408,31.8,Low
3409,35.7,Low
3412,30.86,Low
3413,24.0,Low
3414,24.0,Low
3416,31.32,Low
3417,31.8,Low
3419,36.41,Low
3420,31.32,Low
3421,24.0,Low
3423,40.62,Medium
3424,35.7,Low
3425,24.47,Low
3429,31.32,Low
3433,35.7,Low
3435,36.41,Low
3436,31.8,Low
3440,31.8,Low
3444,31.8,Low
3445,31.8,Low
3447,31.8,Low
3451,30.86,Low
3458,24.47,Low
3460,28.86,Low
3461,31.8,Low
3463,30.86,Low
3469,24.47,Low
3477,24.47,Low
3479,30.86,Low
3480,24.0,Low
3481,31.32,Low
3484,24.47,Low
3485,31.32,Low
3486,24.47,Low
3490,31.8,Low
3492,36.41,Low
3493,30.86,Low
3494,30.86,Low
3495,31.32,Low
3497,40.62,Medium
3504,31.8,Low
3510,24.0,Low
3514,24.0,Low
3516,30.86,Low
3524,28.86,Low
3531,24.47,Low
3533,31.32,Low
3536,28.86,Low
3537,31.32,Low
3539,31.8,Low
3540,31.8,Low
3543,40.62,Medium
3544,24.47,Low
3546,31.8,Low
3552,28.86,Low
3556,35.7,Low
3559,35.7,Low
3560,24.47,Low
3566,36.41,Low
3573,24.47,Low
3577,35.7,Low
3579,24.0,Low
3581,28.86,Low
3582,30.86,Low
3583,30.86,Low
3584,30.86,Low
3587,31.8,Low
3597,28.86,Low
3598,24.47,Low
3601,30.86,Low
3602,24.47,Low
3603,35.7,Low
3612,31.32,Low
3621,36.41,Low
3622,31.8,Low
3623,40.62,Medium
3626,35.7,Low
3627,31.32,Low
3633,31.32,Low
3637,31.8,Low
3638,31.8,Low
3640,28.86,Low
3641,35.7,Low
3648,24.47,Low
3650,24.0,Low
3651,30.86,Low
3653,36.41,Low
3660,31.8,Low
3663,30.86,Low
3664,36.41,Low
3671,40.62,Medium
3672,30.86,Low
3682,24.47,Low
3683,31.8,Low
3685,36.41,Low
3689,30.86,Low
3690,31.8,Low
3693,30.86,Low
3694,28.86,Low
3695,24.47,Low
3698,40.62,Medium
3702,35.7,Low
3703,35.7,Low
3706,24.47,Low
3707,40.62,Medium
3709,40.62,Medium
3710,36.41,Low
3712,31.32,Low
3715,24.47,Low
3721,36.41,Low
3724,36.41,Low
3727,31.8,Low
3733,31.8,Low
3734,28.86,Low
3736,28.86,Low
3737,31.32,Low
3740,31.32,Low
3744,24.0,Low
3748,31.32,Low
3754,40.62,Medium
3756,30.86,Low
3760,35.7,Low
3765,35.7,Low
3766,31.32,Low
3769,31.8,Low
3771,24.0,Low
3774,31.8,Low
3775,31.8,Low
3776,35.7,Low
3778,40.62,Medium
3780,31.8,Low
3784,31.32,Low
3785,40.62,Medium
3786,36.41,Low
3789,31.8,Low
3793,24.47,Low
3794,24.47,Low
3795,31.8,Low
3800,28.86,Low
3801,30.86,Low
3811,28.86,Low
3817,30.86,Low
3819,40.62,Medium
3821,40.62,Medium
3824,24.47,Low
3825,40.62,Medium
3826,30.86,Low
3827,24.0,Low
3828,35.7,Low
3832,28.86,Low
3833,24.0,Low
3834,31.8,Low
3835,30.86,Low
3841,31.8,Low
3843,35.7,Low
3845,31.8,Low
3853,24.0,Low
3855,31.8,Low
3857,35.7,Low
3860,36.41,Low
3861,24.0,Low
3862,24.0,Low
3877,28.86,Low
3879,31.8,Low
3885,24.47,Low
3889,30.86,Low
3892,36.41,Low
3896,30.86,Low
3898,36.41,Low
3899,30.86,Low
3902,24.47,Low
3905,40.62,Medium
3906,36.41,Low
3910,24.0,Low
3911,35.7,Low
3920,30.86,Low
3923,40.62,Medium
3924,30.86,Low
3926,30.86,Low
3931,24.0,Low
3934,31.8,Low
3938,24.47,Low
3939,31.8,Low
3941,31.8,Low
3943,24.0,Low
3947,31.32,Low
3948,31.8,Low
3951,31.8,Low
3953,31.8,Low
3956,31.8,Low
3957,31.8,Low
3962,31.32,Low
3965,35.7,Low
3967,40.62,Medium
3970,31.8,Low
3972,28.86,Low
3975,36.41,Low
3976,30.86,Low
3977,40.62,Medium
3978,28.86,Low
3981,35.7,Low
3985,35.7,Low
3987,31.8,Low
3991,24.47,Low
3992,31.8,Low
3999,31.32,Low
4005,40.62,Medium
4009,31.8,Low
4011,28.86,Low
4015,31.8,Low
4017,35.7,Low
4018,28.86,Low
4021,24.0,Low
4022,24.0,Low
4029,28.86,Low
4030,31.32,Low
4032,31.32,Low
4034,35.7,Low
4038,36.41,Low
4039,31.32,Low
4040,28.86,Low
4041,30.86,Low
4042,28.86,Low
4047,36.41,Low
4048,24.47,Low
4050,36.41,Low
4051,28.86,Low
4052,30.86,Low
4053,24.0,Low
4054,35.7,Low
4056,28.86,Low
4057,28.86,Low
4059,31.8,Low
4061,30.86,Low
4074,24.0,Low
4076,40.62,Medium
4078,40.62,Medium
4079,35.7,Low
4080,31.8,Low
4082,36.41,Low
4083,31.8,Low
4085,24.0,Low
4090,31.32,Low
4092,28.86,Low
4097,31.8,Low
4100,28.86,Low
4105,36.41,Low
4106,40.62,Medium
4107,31.8,Low
4108,31.32,Low
4109,28.86,Low
4112,31.32,Low
4117,40.62,Medium
4121,30.86,Low
4130,28.86,Low
4142,31.8,Low
4144,31.8,Low
4147,40.62,Medium
4150,31.8,Low
4151,30.86,Low
4158,31.8,Low
4160,24.47,Low
4163,31.8,Low
4164,36.41,Low
4168,30.86,Low
4171,31.32,Low
4179,30.86,Low
4180,28.86,Low
4181,40.62,Medium
4182,24.0,Low
4189,40.62,Medium
4192,31.8,Low
4193,30.86,Low
4194,31.8,Low
4198,30.86,Low
4200,36.41,Low
4202,40.62,Medium
4208,28.86,Low
4212,31.32,Low
4215,24.0,Low
4217,24.0,Low
4220,28.86,Low
4222,31.8,Low
4223,36.41,Low
4239,31.32,Low
4241,40.62,Medium
4243,30.86,Low
4252,31.8,Low
4264,24.0,Low
4266,24.0,Low
4269,36.41,Low
4270,40.62,Medium
4273,31.8,Low
4274,35.7,Low
4275,24.47,Low
4276,40.62,Medium
4278,31.32,Low
4282,31.8,Low
4284,35.7,Low
4285,28.86,Low
4288,31.8,Low
4290,24.47,Low
4291,28.86,Low
4293,31.32,Low
4296,30.86,Low
4298,31.8,Low
4300,36.41,Low
4301,40.62,Medium
4304,28.86,Low
4306,28.86,Low
4308,31.8,Low
4309,36.41,Low
4314,31.8,Low
4317,30.86,Low
4319,31.32,Low
4320,24.0,Low
4322,24.0,Low
4323,35.7,Low
4327,30.86,Low
4328,31.8,Low
4331,36.41,Low
4332,31.32,Low
4338,36.41,Low
4340,31.8,Low
4342,24.0,Low
4343,24.0,Low
4346,31.8,Low
4347,35.7,Low
4348,28.86,Low
4352,36.41,Low
4356,31.8,Low
4357,30.86,Low
4358,24.47,Low
4365,31.32,Low
4366,31.8,Low
4370,31.32,Low
4371,24.0,Low
4372,28.86,Low
4373,28.86,Low
4374,24.0,Low
4380,31.8,Low
4382,24.0,Low
4385,28.86,Low
4392,31.8,Low
4396,31.8,Low
4397,24.0,Low
4399,31.8,Low
4400,24.47,Low
4406,28.86,Low
4408,24.0,Low
4410,31.32,Low
4412,36.41,Low
4415,35.7,Low
4417,40.62,Medium
4420,36.41,Low
4424,24.47,Low
4425,30.86,Low
4426,24.47,Low
4430,31.8,Low
4437,36.41,Low
4439,35.7,Low
4444,31.32,Low
4445,28.86,Low
4446,36.41,Low
4447,31.8,Low
4451,24.0,Low
4454,31.8,Low
4464,30.86,Low
4465,40.62,Medium
4473,28.86,Low
4477,28.86,Low
4478,31.8,Low
4481,28.86,Low
4485,35.7,Low
4489,30.86,Low
4495,31.8,Low
4496,35.7,Low
4498,35.7,Low
4500,31.8,Low
4506,31.8,Low
4507,35.7,Low
4511,31.8,Low
4517,31.8,Low
4520,40.62,Medium
4523,30.86,Low
4525,24.0,Low
4526,36.41,Low
4527,28.86,Low
4530,31.8,Low
4533,24.0,Low
4536,31.8,Low
4552,31.32,Low
4554,31.32,Low
4559,24.47,Low
4566,31.32,Low
4567,28.86,Low
4570,35.7,Low
4571,35.7,Low
4578,24.0,Low
4579,31.32,Low
4582,31.32,Low
4586,31.32,Low
4589,24.47,Low
4595,36.41,Low
4596,31.8,Low
4597,24.47,Low
4605,31.32,Low
4610,24.47,Low
4614,24.47,Low
4618,31.8,Low
4621,31.32,Low
4624,31.8,Low
4626,35.7,Low
4628,31.8,Low
4629,24.0,Low
4630,31.8,Low
4631,30.86,Low
4632,24.0,Low
4633,24.0,Low
4634,40.62,Medium
4636,31.8,Low
4641,31.32,Low
4642,24.47,Low
4644,35.7,Low
4646,40.62,Medium
4650,31.8,Low
4652,24.47,Low
4653,28.86,Low
4655,28.86,Low
4657,30.86,Low
4658,24.0,Low
4659,31.8,Low
4661,40.62,Medium
4663,31.32,Low
4667,31.32,Low
4672,24.47,Low
4673,31.32,Low
4674,31.8,Low
4676,30.86,Low
4680,31.8,Low
4687,24.0,Low
4688,28.86,Low
4689,35.7,Low
4691,35.7,Low
4694,31.8,Low
4697,31.8,Low
4699,24.0,Low
4700,28.86,Low
4701,28.86,Low
4702,24.47,Low
4703,30.86,Low
4706,36.41,Low
4707,40.62,Medium
4715,30.86,Low
4716,28.86,Low
4718,31.32,Low
4719,30.86,Low
4721,24.47,Low
4725,31.32,Low
4726,30.86,Low
4730,24.0,Low
4734,35.7,Low
4738,36.41,Low
4744,35.7,Low
4745,31.8,Low
4750,28.86,Low
4751,31.8,Low
4753,24.47,Low
4763,24.47,Low
4768,36.41,Low
4777,30.86,Low
4780,31.8,Low
4783,36.41,Low
4784,31.8,Low
4785,36.41,Low
4788,31.32,Low
4798,31.8,Low
4801,31.32,Low
4803,40.62,Medium
4811,30.86,Low
4815,31.32,Low
4816,31.32,Low
4817,31.8,Low
4820,31.32,Low
4821,28.86,Low
4826,24.47,Low
4829,24.47,Low
4835,40.62,Medium
4840,28.86,Low
4842,31.32,Low
4844,31.8,Low
4845,31.8,Low
4846,35.7,Low
4847,40.62,Medium
4848,28.86,Low
4850,24.0,Low
4851,35.7,Low
4853,36.41,Low
4855,35.7,Low
4856,28.86,Low
4857,31.32,Low
4858,24.0,Low
4859,31.32,Low
4862,24.0,Low
4863,31.32,Low
4864,35.7,Low
4865,31.8,Low
4866,24.0,Low
4869,35.7,Low
4872,30.86,Low
4876,24.47,Low
4878,30.86,Low
4880,24.0,Low
4882,35.7,Low
4886,24.0,Low
4889,28.86,Low
4890,36.41,Low
4895,35.7,Low
4896,28.86,Low
4897,36.41,Low
4904,28.86,Low
4912,35.7,Low
4913,30.86,Low
4914,31.8,Low
4915,30.86,Low
4917,31.32,Low
4919,31.32,Low
4921,31.32,Low
4925,31.32,Low
4929,36.41,Low
4931,36.41,Low
4932,35.7,Low
4940,35.7,Low
4941,31.32,Low
4943,31.8,Low
4946,30.86,Low
4951,31.8,Low
4954,31.8,Low
4961,40.62,Medium
4962,31.32,Low
4966,24.0,Low
4967,30.86,Low
4968,40.62,Medium
4969,30.86,Low
4973,24.0,Low
4979,31.32,Low
4981,36.41,Low
4985,31.32,Low
4988,40.62,Medium
4996,35.7,Low
4997,31.8,Low
4999,35.7,Low
5001,31.8,Low
5004,35.7,Low
5014,35.7,Low
5016,36.41,Low
5017,40.62,Medium
5019,35.7,Low
5020,24.47,Low
5023,31.8,Low
5024,30.86,Low
5027,28.86,Low
5028,28.86,Low
5029,40.62,Medium
5035,40.62,Medium
5036,28.86,Low
5038,36.41,Low
5039,31.8,Low
5042,40.62,Medium
5048,24.0,Low
5050,31.32,Low
5051,36.41,Low
5054,36.41,Low
5056,40.62,Medium
5069,28.86,Low
5072,28.86,Low
5077,30.86,Low
5084,31.32,Low
5087,31.8,Low
5095,35.7,Low
5096,35.7,Low
5099,24.0,Low
5105,24.0,Low
5107,30.86,Low
5108,28.86,Low
5114,35.7,Low
5117,40.62,Medium
5120,31.8,Low
5121,28.86,Low
5123,35.7,Low
5131,31.32,Low
5136,40.62,Medium
5141,24.47,Low
5143,40.62,Medium
5146,31.32,Low
5147,28.86,Low
5151,36.41,Low
5154,36.41,Low
5155,31.32,Low
5157,31.32,Low
5161,31.8,Low
5164,40.62,Medium
5165,31.8,Low
5173,35.7,Low
5176,24.47,Low
5180,28.86,Low
5181,36.41,Low
5182,28.86,Low
5186,28.86,Low
5187,36.41,Low
5188,24.0,Low
5191,24.47,Low
5192,36.41,Low
5197,40.62,Medium
5201,36.41,Low
5206,35.7,Low
5208,31.8,Low
5209,40.62,Medium
5212,30.86,Low
5213,31.32,Low
5214,30.86,Low
5217,24.47,Low
5219,30.86,Low
5220,30.86,Low
5221,31.8,Low
5223,24.0,Low
5224,35.7,Low
5225,31.32,Low
5229,30.86,Low
5230,35.7,Low
5232,31.8,Low
5234,31.32,Low
5236,30.86,Low
5239,36.41,Low
5241,40.62,Medium
5247,28.86,Low
5248,31.8,Low
5264,36.41,Low
5271,36.41,Low
5272,24.0,Low
5274,28.86,Low
5275,40.62,Medium
5277,31.8,Low
5278,40.62,Medium
5279,31.32,Low
5280,40.62,Medium
5285,28.86,Low
5290,31.32,Low
5292,24.0,Low
5293,36.41,Low
5306,31.8,Low
5310,30.86,Low
5312,24.47,Low
5314,36.41,Low
5315,31.32,Low
5318,31.8,Low
5319,28.86,Low
5320,30.86,Low
5322,36.41,Low
5323,31.8,Low
5324,31.32,Low
5331,28.86,Low
5332,31.8,Low
5334,35.7,Low
5335,30.86,Low
5346,40.62,Medium
5347,31.8,Low
5352,24.0,Low
5353,28.86,Low
5359,30.86,Low
5361,28.86,Low
5362,28.86,Low
5364,35.7,Low
5366,40.62,Medium
5367,31.8,Low
5369,30.86,Low
5372,36.41,Low
5377,24.47,Low
5379,28.86,Low
5380,31.8,Low
5381,40.62,Medium
5382,24.0,Low
5386,40.62,Medium
5391,28.86,Low
5392,40.62,Medium
5394,35.7,Low
5396,40.62,Medium
5400,31.8,Low
5403,30.86,Low
5404,24.0,Low
5405,28.86,Low
5409,31.8,Low
5410,30.86,Low
5418,40.62,Medium
5421,31.8,Low
5427,36.41,Low
5428,31.32,Low
5431,28.86,Low
5434,31.8,Low
5435,30.86,Low
5437,24.47,Low
5441,30.86,Low
5442,31.8,Low
5444,31.8,Low
5446,24.47,Low
5448,31.8,Low
5450,31.8,Low
5453,36.41,Low
5457,30.86,Low
5459,31.8,Low
5460,31.8,Low
5476,30.86,Low
5479,35.7,Low
5483,24.47,Low
5484,31.32,Low
5486,36.41,Low
5489,28.86,Low
5490,36.41,Low
5491,30.86,Low
5493,28.86,Low
5494,28.86,Low
5498,28.86,Low
5499,24.0,Low
5502,28.86,Low
5504,31.8,Low
5509,35.7,Low
5510,31.8,Low
5513,31.8,Low
5514,24.0,Low
5516,40.62,Medium
5517,24.47,Low
5522,40.62,Medium
5523,40.62,Medium
5525,35.7,Low
5526,31.32,Low
5527,35.7,Low
5528,28.86,Low
5529,24.0,Low
5531,35.7,Low
5533,24.0,Low
5535,31.8,Low
5536,31.32,Low
5539,31.8,Low
5544,35.7,Low
5545,31.8,Low
5551,24.47,Low
5553,31.8,Low
5554,24.47,Low
5557,40.62,Medium
5559,31.8,Low
5562,24.47,Low
5568,28.86,Low
5570,30.86,Low
5573,31.32,Low
5577,31.32,Low
5579,31.32,Low
5581,24.47,Low
5582,31.32,Low
5588,31.32,Low
5591,31.8,Low
5593,28.86,Low
5595,31.8,Low
5599,31.8,Low
5605,31.32,Low
5608,31.32,Low
5610,31.8,Low
5612,28.86,Low
5615,30.86,Low
5616,24.0,Low
5619,31.8,Low
5623,40.62,Medium
5625,24.47,Low
5627,24.0,Low
5628,30.86,Low
5629,40.62,Medium
5630,24.0,Low
5634,24.0,Low
5635,30.86,Low
5638,31.32,Low
5639,35.7,Low
5641,36.41,Low
5646,36.41,Low
5650,30.86,Low
5655,40.62,Medium
5656,31.8,Low
5657,24.0,Low
5658,31.8,Low
5660,30.86,Low
5662,31.8,Low
5663,36.41,Low
5664,31.8,Low
5665,31.8,Low
5667,28.86,Low
5668,28.86,Low
5672,31.32,Low
5674,28.86,Low
5677,31.8,Low
5680,40.62,Medium
5681,31.32,Low
5688,31.8,Low
5689,31.8,Low
5694,24.0,Low
5695,31.8,Low
5696,36.41,Low
5699,35.7,Low
5705,35.7,Low
5708,31.8,Low
5717,30.86,Low
5721,24.0,Low
5722,30.86,Low
5723,31.8,Low
5725,36.41,Low
5731,31.8,Low
5732,30.86,Low
5737,36.41,Low
5741,31.8,Low
5748,35.7,Low
5750,40.62,Medium
5751,40.62,Medium
5753,28.86,Low
5754,31.32,Low
5765,31.32,Low
5766,31.8,Low
5768,31.8,Low
5773,31.32,Low
5777,31.8,Low
5788,31.32,Low
5795,24.47,Low
5796,24.47,Low
5800,31.8,Low
5801,28.86,Low
5802,31.8,Low
5803,31.32,Low
5807,31.8,Low
5810,35.7,Low
5814,35.7,Low
5819,24.0,Low
5822,40.62,Medium
5827,31.8,Low
5831,24.47,Low
5836,35.7,Low
5840,24.47,Low
5847,28.86,Low
5850,35.7,Low
5851,31.32,Low
5854,35.7,Low
5855,31.32,Low
5856,28.86,Low
5857,31.32,Low
5859,31.8,Low
5865,24.47,Low
5868,31.8,Low
5872,40.62,Medium
5873,31.8,Low
5875,28.86,Low
5877,30.86,Low
5880,35.7,Low
5882,28.86,Low
5883,28.86,Low
5884,28.86,Low
5885,31.8,Low
5887,31.8,Low
5888,28.86,Low
5891,40.62,Medium
5896,31.8,Low
5899,30.86,Low
5900,24.0,Low
5903,28.86,Low
5904,35.7,Low
5911,40.62,Medium
5917,31.32,Low
5918,28.86,Low
5920,31.32,Low
5921,31.8,Low
5924,24.0,Low
5925,36.41,Low
5930,24.47,Low
5936,31.8,Low
5938,31.32,Low
5945,24.0,Low
5947,24.47,Low
5950,36.41,Low
5951,36.41,Low
5952,28.86,Low
5960,30.86,Low
5961,36.41,Low
5962,35.7,Low
5963,40.62,Medium
5964,31.8,Low
5972,35.7,Low
5974,40.62,Medium
5979,24.0,Low
5980,40.62,Medium
5981,28.86,Low
5985,36.41,Low
5986,31.32,Low
5993,31.8,Low
6001,36.41,Low
6002,30.86,Low
6006,31.8,Low
6007,31.8,Low
6014,24.0,Low
6015,36.41,Low
6018,31.32,Low
6023,30.86,Low
6024,31.8,Low
6025,40.62,Medium
6026,35.7,Low
6027,31.8,Low
6029,40.62,Medium
6030,40.62,Medium
6032,35.7,Low
6033,35.7,Low
6035,31.32,Low
6038,35.7,Low
6040,40.62,Medium
6041,31.32,Low
6047,24.47,Low
6052,30.86,Low
6053,36.41,Low
6056,40.62,Medium
6058,30.86,Low
6059,31.8,Low
6061,35.7,Low
6065,28.86,Low
6073,31.8,Low
6079,31.8,Low
6083,24.47,Low
6085,30.86,Low
6090,35.7,Low
6093,28.86,Low
6095,30.86,Low
6096,24.0,Low
6098,40.62,Medium
6105,35.7,Low
6106,35.7,Low
6117,24.47,Low
6118,28.86,Low
6123,35.7,Low
6128,35.7,Low
6129,31.8,Low
6134,24.0,Low
6136,31.8,Low
6137,24.0,Low
6138,30.86,Low
6140,40.62,Medium
6141,31.32,Low
6144,35.7,Low
6145,24.47,Low
6146,36.41,Low
6149,24.0,Low
6151,31.32,Low
6157,24.47,Low
6158,24.47,Low
6161,35.7,Low
6162,30.86,Low
6165,31.32,Low
6166,31.32,Low
6169,36.41,Low
6171,31.8,Low
6172,28.86,Low
6175,40.62,Medium
6176,35.7,Low
6180,31.8,Low
6184,35.7,Low
6186,35.7,Low
6190,30.86,Low
6193,35.7,Low
6194,31.8,Low
6197,40.62,Medium
6207,35.7,Low
6208,31.8,Low
6210,30.86,Low
6211,31.8,Low
6212,40.62,Medium
6214,35.7,Low
6215,35.7,Low
6219,36.41,Low
6220,28.86,Low
6221,31.8,Low
6227,24.47,Low
6231,30.86,Low
6232,31.8,Low
6233,24.0,Low
6235,28.86,Low
6241,31.8,Low
6244,40.62,Medium
6247,40.62,Medium
6249,28.86,Low
6251,31.8,Low
6253,35.7,Low
6258,31.8,Low
6260,28.86,Low
6261,30.86,Low
6263,24.47,Low
6268,28.86,Low
6269,31.8,Low
6273,30.86,Low
6280,30.86,Low
6281,30.86,Low
6282,36.41,Low
6285,31.8,Low
6287,31.32,Low
6289,30.86,Low
6293,24.0,Low
6298,24.47,Low
6299,28.86,Low
6300,31.8,Low
6309,36.41,Low
6310,24.0,Low
6313,35.7,Low
6314,28.86,Low
6316,31.8,Low
6318,35.7,Low
6320,35.7,Low
6321,24.0,Low
6325,40.62,Medium
6327,35.7,Low
6328,24.47,Low
6331,31.8,Low
6332,31.32,Low
6333,40.62,Medium
6334,40.62,Medium
6344,28.86,Low
6345,30.86,Low
6349,35.7,Low
6358,36.41,Low
6362,40.62,Medium
6364,28.86,Low
6366,31.8,Low
6369,31.32,Low
6373,35.7,Low
6376,31.8,Low
6380,31.8,Low
6381,31.8,Low
6392,31.32,Low
6393,31.8,Low
6396,24.0,Low
6397,40.62,Medium
6398,24.0,Low
6404,36.41,Low
6407,40.62,Medium
6410,24.47,Low
6411,35.7,Low
6414,24.0,Low
6415,31.32,Low
6417,28.86,Low
6418,28.86,Low
6419,36.41,Low
6423,31.32,Low
6426,36.41,Low
6429,40.62,Medium
6434,28.86,Low
6438,31.8,Low
6440,35.7,Low
6443,24.0,Low
6447,40.62,Medium
6451,28.86,Low
6452,36.41,Low
6455,31.8,Low
6457,31.8,Low
6459,28.86,Low
6460,36.41,Low
6462,31.8,Low
6463,40.62,Medium
6464,24.0,Low
6465,35.7,Low
6467,24.0,Low
6468,36.41,Low
6472,30.86,Low
6473,36.41,Low
6474,30.86,Low
6475,36.41,Low
6476,24.47,Low
6478,30.86,Low
6479,35.7,Low
6480,31.8,Low
6481,24.0,Low
6483,24.47,Low
6488,36.41,Low
6495,30.86,Low
6497,31.32,Low
6498,24.47,Low
6500,31.8,Low
6506,30.86,Low
6508,24.0,Low
6513,24.0,Low
6515,31.32,Low
6516,31.32,Low
6520,35.7,Low
6522,31.8,Low
6525,35.7,Low
6527,30.86,Low
6530,31.32,Low
6531,36.41,Low
6535,28.86,Low
6540,30.86,Low
6541,30.86,Low
6543,31.8,Low
6545,31.8,Low
6547,31.8,Low
6550,24.0,Low
6552,31.32,Low
6553,40.62,Medium
6558,30.86,Low
6565,31.32,Low
6568,31.32,Low
6569,24.0,Low
6570,31.8,Low
6573,24.0,Low
6578,40.62,Medium
6579,35.7,Low
6583,24.47,Low
6587,31.8,Low
6590,28.86,Low
6597,36.41,Low
6601,31.8,Low
6602,31.8,Low
6604,24.47,Low
6606,40.62,Medium
6608,24.0,Low
6609,31.32,Low
6611,30.86,Low
6613,31.32,Low
6615,31.8,Low
6619,36.41,Low
6623,30.86,Low
6625,24.0,Low
6627,31.32,Low
6628,35.7,Low
6632,31.32,Low
6633,24.0,Low
6634,24.0,Low
6640,35.7,Low
6642,24.47,Low
6643,24.0,Low
6646,24.0,Low
6647,36.41,Low
6648,30.86,Low
6658,31.8,Low
6659,30.86,Low
6667,24.0,Low
6670,24.0,Low
6672,30.86,Low
6677,36.41,Low
6679,35.7,Low
6681,31.8,Low
6687,40.62,Medium
6688,36.41,Low
6691,30.86,Low
6697,24.0,Low
6700,40.62,Medium
6716,24.0,Low
6719,31.8,Low
6722,31.8,Low
6723,24.0,Low
6724,40.62,Medium
6729,28.86,Low
6730,31.8,Low
6732,40.62,Medium
6734,35.7,Low
6737,36.41,Low
6742,28.86,Low
6748,40.62,Medium
6749,24.47,Low
6752,31.8,Low
6753,35.7,Low
6754,24.0,Low
6761,31.8,Low
6762,24.0,Low
6770,31.8,Low
6777,24.0,Low
6782,40.62,Medium
6783,30.86,Low
6787,36.41,Low
6793,35.7,Low
6794,36.41,Low
6795,30.86,Low
6797,24.0,Low
6798,36.41,Low
6805,28.86,Low
6811,31.8,Low
6815,31.32,Low
6816,31.8,Low
6818,31.8,Low
6820,31.8,Low
6821,24.47,Low
6823,36.41,Low
6831,31.32,Low
6834,31.32,Low
6836,31.8,Low
6837,35.7,Low
6838,28.86,Low
6839,28.86,Low
6840,31.8,Low
6845,35.7,Low
6846,30.86,Low
6851,28.86,Low
6853,28.86,Low
6856,31.32,Low
6858,31.8,Low
6861,24.47,Low
6862,24.0,Low
6865,24.0,Low
6873,31.8,Low
6874,40.62,Medium
6879,31.8,Low
6883,24.47,Low
6885,30.86,Low
6888,30.86,Low
6889,30.86,Low
6891,28.86,Low
6893,40.62,Medium
6896,28.86,Low
6905,40.62,Medium
6907,24.0,Low
6910,31.32,Low
6911,28.86,Low
6913,36.41,Low
6925,30.86,Low
6930,40.62,Medium
6931,31.32,Low
6933,31.8,Low
6935,24.47,Low
6942,31.32,Low
6944,24.0,Low
6945,31.8,Low
6946,30.86,Low
6947,24.0,Low
6948,40.62,Medium
6951,28.86,Low
6955,35.7,Low
6956,30.86,Low
6957,35.7,Low
6960,24.47,Low
6961,28.86,Low
6963,24.47,Low
6967,30.86,Low
6969,36.41,Low
6972,24.47,Low
6974,31.8,Low
6975,35.7,Low
6976,31.32,Low
6978,31.8,Low
6980,28.86,Low
6982,31.8,Low
6983,24.0,Low
6989,30.86,Low
6997,35.7,Low
6999,31.8,Low
7010,31.32,Low
7013,24.47,Low
7016,36.41,Low
7018,35.7,Low
7021,31.8,Low
7026,28.86,Low
7030,36.41,Low
7031,28.86,Low
7032,24.0,Low
7034,40.62,Medium
7035,24.47,Low
7036,24.47,Low
7041,30.86,Low
7042,28.86,Low
7043,31.32,Low
7046,31.8,Low
7047,40.62,Medium
7049,31.32,Low
7050,36.41,Low
7051,36.41,Low
7053,35.7,Low
7057,24.47,Low
7059,24.0,Low
7063,40.62,Medium
7064,40.62,Medium
7066,24.47,Low
7068,36.41,Low
7069,40.62,Medium
7071,31.8,Low
7072,28.86,Low
7073,31.8,Low
7074,31.8,Low
7082,40.62,Medium
7084,31.8,Low
7090,31.32,Low
7095,24.0,Low
7098,31.8,Low
7112,31.8,Low
7115,31.8,Low
7118,31.32,Low
7121,35.7,Low
7125,35.7,Low
7127,31.8,Low
7132,28.86,Low
7133,30.86,Low
7134,28.86,Low
7137,28.86,Low
7145,36.41,Low
7146,31.32,Low
7149,31.8,Low
7150,31.8,Low
7154,24.47,Low
7158,36.41,Low
7159,31.32,Low
7161,31.8,Low
7162,24.47,Low
7166,31.8,Low
7167,31.8,Low
7168,24.47,Low
7170,24.0,Low
7171,28.86,Low
7175,31.8,Low
7177,31.32,Low
7178,31.8,Low
7179,36.41,Low
7185,31.32,Low
7192,31.32,Low
7198,36.41,Low
7200,24.0,Low
7201,31.8,Low
7202,31.32,Low
7204,24.47,Low
7206,31.8,Low
7208,31.8,Low
7211,30.86,Low
7212,24.47,Low
7218,30.86,Low
7219,40.62,Medium
7220,31.8,Low
7225,24.0,Low
7227,31.32,Low
7231,28.86,Low
7239,30.86,Low
7242,31.8,Low
7243,40.62,Medium
7244,31.8,Low
7247,30.86,Low
7253,24.47,Low
7254,24.0,Low
7255,31.32,Low
7258,24.47,Low
7260,40.62,Medium
7261,31.8,Low
7264,31.8,Low
7266,31.8,Low
7267,31.32,Low
7273,35.7,Low
7275,24.0,Low
7276,31.32,Low
7279,28.86,Low
7280,31.8,Low
7287,35.7,Low
7288,30.86,Low
7293,31.8,Low
7295,24.47,Low
7297,31.8,Low
7300,31.8,Low
7301,40.62,Medium
7302,31.32,Low
7303,40.62,Medium
7304,28.86,Low
7309,35.7,Low
7311,30.86,Low
7315,31.32,Low
7316,40.62,Medium
7321,30.86,Low
7323,40.62,Medium
7324,28.86,Low
7327,31.32,Low
7329,24.0,Low
7333,40.62,Medium
7336,40.62,Medium
7339,35.7,Low
7344,40.62,Medium
7348,31.32,Low
7360,40.62,Medium
7362,31.8,Low
7370,40.62,Medium
7374,28.86,Low
7377,31.32,Low
7382,40.62,Medium
7383,24.0,Low
7384,28.86,Low
7387,24.0,Low
7390,31.8,Low
7391,30.86,Low
7393,31.8,Low
7397,24.0,Low
7399,24.0,Low
7402,31.32,Low
7410,35.7,Low
7414,31.32,Low
7425,35.7,Low
7427,24.47,Low
7432,35.7,Low
7436,31.32,Low
7438,40.62,Medium
7439,24.47,Low
7440,31.32,Low
7442,35.7,Low
7449,24.0,Low
7450,31.32,Low
7454,40.62,Medium
7455,28.86,Low
7457,31.32,Low
7461,28.86,Low
7462,31.8,Low
7463,31.32,Low
7464,28.86,Low
7469,36.41,Low
7470,24.0,Low
7472,40.62,Medium
7473,24.0,Low
7475,36.41,Low
7476,24.0,Low
7477,24.0,Low
7478,36.41,Low
7481,35.7,Low
7487,31.8,Low
7488,28.86,Low
7489,30.86,Low
7492,36.41,Low
7493,31.8,Low
7495,28.86,Low
7496,28.86,Low
7497,36.41,Low
7498,28.86,Low
7501,31.8,Low
7502,35.7,Low
7505,31.8,Low
7513,24.47,Low
7515,30.86,Low
7519,28.86,Low
7521,28.86,Low
7533,24.47,Low
7547,35.7,Low
7548,31.8,Low
7550,35.7,Low
7552,31.8,Low
7554,31.8,Low
7555,36.41,Low
7557,31.32,Low
7561,28.86,Low
7562,24.0,Low
7568,31.8,Low
7574,31.32,Low
7577,35.7,Low
7586,24.47,Low
7590,28.86,Low
7591,36.41,Low
7592,35.7,Low
7594,30.86,Low
7598,40.62,Medium
7601,31.32,Low
7604,31.8,Low
7606,31.8,Low
7607,28.86,Low
7609,40.62,Medium
7614,31.8,Low
7616,24.0,Low
7619,31.8,Low
7622,31.32,Low
7623,31.8,Low
7629,24.0,Low
7632,35.7,Low
7635,28.86,Low
7637,36.41,Low
7638,28.86,Low
7640,24.47,Low
7650,40.62,Medium
7651,31.8,Low
7652,30.86,Low
7653,24.47,Low
7672,24.0,Low
7673,31.8,Low
7676,24.47,Low
7677,36.41,Low
7678,31.8,Low
7683,35.7,Low
7684,31.32,Low
7688,24.0,Low
7695,35.7,Low
7696,24.0,Low
7698,40.62,Medium
7701,30.86,Low
7705,35.7,Low
7706,31.8,Low
7707,35.7,Low
7710,31.8,Low
7711,30.86,Low
7712,35.7,Low
7714,36.41,Low
7715,36.41,Low
7718,40.62,Medium
7721,31.32,Low
7727,24.47,Low
7729,31.32,Low
7737,36.41,Low
7738,31.32,Low
7740,31.8,Low
7744,31.8,Low
7749,31.8,Low
7752,24.47,Low
7753,31.8,Low
7754,31.8,Low
7757,31.32,Low
7760,35.7,Low
7764,24.0,Low
7768,35.7,Low
7774,31.32,Low
7777,31.8,Low
7785,31.8,Low
7786,31.32,Low
7787,28.86,Low
7790,35.7,Low
7791,24.0,Low
7792,31.32,Low
7796,40.62,Medium
7797,31.8,Low
7801,36.41,Low
7805,36.41,Low
7808,40.62,Medium
7812,24.0,Low
7817,30.86,Low
7819,24.47,Low
7822,35.7,Low
7827,31.8,Low
7829,36.41,Low
7831,24.47,Low
7835,31.32,Low
7837,36.41,Low
7838,24.0,Low
7839,40.62,Medium
7840,31.32,Low
7841,31.32,Low
7843,31.32,Low
7847,31.32,Low
7848,30.86,Low
7852,24.47,Low
7854,31.8,Low
7856,30.86,Low
7860,30.86,Low
7861,40.62,Medium
7866,28.86,Low
7869,30.86,Low
7870,30.86,Low
7873,24.0,Low
7876,35.7,Low
7882,28.86,Low
7883,30.86,Low
7892,24.47,Low
7893,40.62,Medium
7895,31.8,Low
7897,30.86,Low
7899,28.86,Low
7900,35.7,Low
7901,30.86,Low
7904,30.86,Low
7910,36.41,Low
7911,24.0,Low
7913,30.86,Low
7914,24.0,Low
7915,40.62,Medium
7917,31.8,Low
7920,28.86,Low
7923,31.8,Low
7924,24.0,Low
7925,31.8,Low
7928,35.7,Low
7929,31.8,Low
7930,36.41,Low
7938,31.8,Low
7945,28.86,Low
7946,35.7,Low
7949,31.8,Low
7950,31.8,Low
7959,30.86,Low
7960,40.62,Medium
7961,31.32,Low
7969,36.41,Low
7972,40.62,Medium
7973,28.86,Low
7975,28.86,Low
7976,36.41,Low
7978,36.41,Low
7982,36.41,Low
7985,40.62,Medium
7990,24.47,Low
7991,31.8,Low
7993,31.32,Low
7995,28.86,Low
7997,35.7,Low
7999,28.86,Low
8000,30.86,Low
8003,28.86,Low
8005,28.86,Low
8008,30.86,Low
8010,30.86,Low
8011,31.32,Low
8012,31.32,Low
8014,28.86,Low
8015,28.86,Low
8018,30.86,Low
8019,31.8,Low
8020,31.8,Low
8021,24.47,Low
8022,30.86,Low
8023,28.86,Low
8024,31.32,Low
8025,28.86,Low
8029,31.8,Low
8034,24.47,Low
8035,24.0,Low
8036,24.47,Low
8037,30.86,Low
8039,31.32,Low
8041,35.7,Low
8046,36.41,Low
8047,24.0,Low
8056,28.86,Low
8057,30.86,Low
8059,35.7,Low
8061,31.32,Low
8065,28.86,Low
8066,36.41,Low
8071,30.86,Low
8072,36.41,Low
8073,36.41,Low
8075,24.47,Low
8077,31.32,Low
8078,28.86,Low
8081,31.8,Low
8082,31.8,Low
8083,35.7,Low
8084,28.86,Low
8088,28.86,Low
8089,24.47,Low
8099,40.62,Medium
8102,40.62,Medium
8107,30.86,Low
8111,30.86,Low
8112,31.8,Low
8114,40.62,Medium
8118,30.86,Low
8119,31.8,Low
8120,31.8,Low
8121,36.41,Low
8123,24.47,Low
8125,36.41,Low
8127,31.8,Low
8130,35.7,Low
8131,30.86,Low
8132,31.8,Low
8133,24.47,Low
8139,28.86,Low
8140,30.86,Low
8143,36.41,Low
8144,28.86,Low
8145,24.47,Low
8151,36.41,Low
8155,28.86,Low
8158,31.32,Low
8160,30.86,Low
8161,24.0,Low
8169,30.86,Low
8170,30.86,Low
8177,24.47,Low
8178,24.47,Low
8183,40.62,Medium
8186,40.62,Medium
8195,28.86,Low
8199,40.62,Medium
8200,36.41,Low
8201,30.86,Low
8202,40.62,Medium
8206,40.62,Medium
8207,28.86,Low
8208,35.7,Low
8210,31.32,Low
8214,36.41,Low
8215,24.47,Low
8218,31.8,Low
8220,28.86,Low
8221,24.0,Low
8223,31.8,Low
8226,36.41,Low
8230,31.32,Low
8233,36.41,Low
8234,30.86,Low
8236,40.62,Medium
8246,31.8,Low
8248,35.7,Low
8250,35.7,Low
8252,36.41,Low
8253,30.86,Low
8258,31.8,Low
8268,40.62,Medium
8270,30.86,Low
8276,31.32,Low
8278,35.7,Low
8280,40.62,Medium
8281,36.41,Low
8283,36.41,Low
8284,31.32,Low
8285,31.8,Low
8288,35.7,Low
8290,31.8,Low
8295,31.8,Low
8298,35.7,Low
8300,35.7,Low
8306,36.41,Low
8309,31.8,Low
8311,40.62,Medium
8316,31.32,Low
8323,24.0,Low
8324,28.86,Low
8327,31.32,Low
8329,30.86,Low
8334,31.32,Low
8335,31.8,Low
8336,28.86,Low
8339,31.8,Low
8342,24.0,Low
8348,31.8,Low
8350,31.32,Low
8352,24.0,Low
8355,28.86,Low
8357,36.41,Low
8360,31.8,Low
8361,31.32,Low
8364,36.41,Low
8367,24.47,Low
8371,40.62,Medium
8372,40.62,Medium
8373,24.0,Low
8375,30.86,Low
8376,40.62,Medium
8377,28.86,Low
8379,31.32,Low
8380,31.8,Low
8381,28.86,Low
8383,31.8,Low
8396,31.8,Low
8397,36.41,Low
8403,31.8,Low
8408,35.7,Low
8420,31.8,Low
8423,31.32,Low
8424,30.86,Low
8425,31.8,Low
8431,31.8,Low
8433,40.62,Medium
8434,28.86,Low
8436,31.32,Low
8438,31.8,Low
8440,28.86,Low
8441,31.8,Low
8444,24.47,Low
8445,40.62,Medium
8449,31.8,Low
8451,31.8,Low
8452,40.62,Medium
8453,35.7,Low
8454,36.41,Low
8457,24.47,Low
8458,31.8,Low
8460,31.8,Low
8462,30.86,Low
8464,31.32,Low
8467,31.32,Low
8468,31.8,Low
8469,24.0,Low
8476,28.86,Low
8484,24.0,Low
8489,31.8,Low
8490,35.7,Low
8491,36.41,Low
8492,28.86,Low
8494,35.7,Low
8495,31.8,Low
8500,24.0,Low
8504,24.47,Low
8505,36.41,Low
8506,31.8,Low
8512,31.32,Low
8514,35.7,Low
8515,36.41,Low
8519,30.86,Low
8524,36.41,Low
8527,31.32,Low
8529,31.8,Low
8530,24.47,Low
8531,31.8,Low
8532,36.41,Low
8542,30.86,Low
8546,40.62,Medium
8548,35.7,Low
8550,24.0,Low
8553,31.8,Low
8555,40.62,Medium
8556,30.86,Low
8557,30.86,Low
8562,35.7,Low
8564,36.41,Low
8569,31.8,Low
8572,36.41,Low
8574,40.62,Medium
8575,28.86,Low
8577,31.8,Low
8580,24.0,Low
8581,36.41,Low
8583,36.41,Low
8589,35.7,Low
8591,31.8,Low
8592,30.86,Low
8596,35.7,Low
8599,31.32,Low
8601,24.0,Low
8602,35.7,Low
8605,35.7,Low
8609,28.86,Low
8612,30.86,Low
8613,31.8,Low
8614,35.7,Low
8615,31.8,Low
8616,35.7,Low
8626,31.32,Low
8627,35.7,Low
8630,31.32,Low
8643,31.8,Low
8644,30.86,Low
8645,31.32,Low
8647,31.8,Low
8648,31.32,Low
8649,31.8,Low
8650,30.86,Low
8655,28.86,Low
8659,28.86,Low
8664,31.8,Low
8666,28.86,Low
8668,31.8,Low
8672,24.0,Low
8674,30.86,Low
8676,40.62,Medium
8677,30.86,Low
8678,31.8,Low
8680,40.62,Medium
8681,24.47,Low
8683,30.86,Low
8684,31.32,Low
8685,28.86,Low
8687,24.47,Low
8688,31.8,Low
8691,31.8,Low
8695,31.8,Low
8697,28.86,Low
8699,31.8,Low
8700,24.0,Low
8705,24.0,Low
8707,31.32,Low
8712,28.86,Low
8716,28.86,Low
8717,24.0,Low
8720,36.41,Low
8724,24.47,Low
8725,36.41,Low
8733,35.7,Low
8740,24.0,Low
8741,35.7,Low
8744,24.0,Low
8751,36.41,Low
8753,24.0,Low
8754,31.32,Low
8761,30.86,Low
8763,31.8,Low
8772,36.41,Low
8775,31.32,Low
8777,30.86,Low
8778,35.7,Low
8783,31.32,Low
8787,30.86,Low
8789,31.8,Low
8791,31.8,Low
8792,31.32,Low
8798,36.41,Low
8799,31.8,Low
8807,30.86,Low
8809,31.32,Low
8813,24.47,Low
8816,36.41,Low
8817,28.86,Low
8820,35.7,Low
8824,31.8,Low
8830,30.86,Low
8831,31.8,Low
8835,28.86,Low
8837,31.32,Low
8838,31.32,Low
8839,31.8,Low
8840,30.86,Low
8842,24.0,Low
8845,24.47,Low
8847,24.47,Low
8854,24.0,Low
8858,35.7,Low
8859,24.0,Low
8860,28.86,Low
8861,24.0,Low
8867,30.86,Low
8870,35.7,Low
8876,28.86,Low
8878,24.47,Low
8879,24.47,Low
8882,24.0,Low
8883,40.62,Medium
8885,36.41,Low
8888,40.62,Medium
8898,36.41,Low
8908,36.41,Low
8909,36.41,Low
8912,40.62,Medium
8915,30.86,Low
8918,35.7,Low
8923,30.86,Low
8924,28.86,Low
8927,40.62,Medium
8930,30.86,Low
8931,36.41,Low
8932,31.8,Low
8935,31.8,Low
8937,24.47,Low
8944,40.62,Medium
8949,24.47,Low
8951,36.41,Low
8954,30.86,Low
8960,24.47,Low
8962,40.62,Medium
8964,36.41,Low
8966,31.32,Low
8967,30.86,Low
8969,30.86,Low
8972,30.86,Low
8975,40.62,Medium
8977,31.32,Low
8979,31.8,Low
8980,31.32,Low
8981,40.62,Medium
8983,30.86,Low
8985,24.0,Low
8986,24.0,Low
8988,24.0,Low
8989,30.86,Low
8992,31.8,Low
8993,36.41,Low
8997,30.86,Low
8998,30.86,Low
8999,30.86,Low
9000,31.32,Low
9001,40.62,Medium
9004,40.62,Medium
9009,31.32,Low
9012,40.62,Medium
9016,31.8,Low
9020,31.8,Low
9021,24.0,Low
9033,31.32,Low
9035,31.8,Low
9038,24.0,Low
9039,40.62,Medium
9040,31.8,Low
9041,35.7,Low
9042,36.41,Low
9044,31.8,Low
9046,31.8,Low
9048,28.86,Low
9050,24.47,Low
9054,31.8,Low
9062,24.47,Low
9065,30.86,Low
9068,31.8,Low
9071,28.86,Low
9074,35.7,Low
9075,24.0,Low
9076,36.41,Low
9084,24.47,Low
9089,24.0,Low
9092,28.86,Low
9094,24.47,Low
9095,24.47,Low
9096,40.62,Medium
9097,31.8,Low
9101,24.47,Low
9105,31.32,Low
9111,31.8,Low
9122,31.8,Low
9128,35.7,Low
9130,31.8,Low
9131,24.0,Low
9134,28.86,Low
9137,35.7,Low
9139,24.0,Low
9144,31.32,Low
9145,24.0,Low
9146,40.62,Medium
9147,31.8,Low
9153,35.7,Low
9157,35.7,Low
9161,31.8,Low
9163,31.8,Low
9165,35.7,Low
9166,35.7,Low
9172,31.8,Low
9177,31.8,Low
9178,24.0,Low
9179,30.86,Low
9181,24.47,Low
9187,31.8,Low
9189,30.86,Low
9191,31.8,Low
9194,40.62,Medium
9197,24.0,Low
9200,40.62,Medium
9203,28.86,Low
9204,31.8,Low
9208,28.86,Low
9209,36.41,Low
9212,30.86,Low
9214,35.7,Low
9216,31.8,Low
9217,31.8,Low
9220,36.41,Low
9223,31.8,Low
9224,35.7,Low
9227,24.47,Low
9229,28.86,Low
9232,24.0,Low
9233,40.62,Medium
9241,28.86,Low
9243,30.86,Low
9245,24.0,Low
9246,40.62,Medium
9249,40.62,Medium
9250,36.41,Low
9251,24.0,Low
9254,36.41,Low
9255,36.41,Low
9257,30.86,Low
9262,31.32,Low
9264,24.47,Low
9268,31.8,Low
9270,40.62,Medium
9283,28.86,Low
9285,31.8,Low
9297,31.8,Low
9303,30.86,Low
9309,36.41,Low
9313,31.8,Low
9318,40.62,Medium
9320,30.86,Low
9326,24.0,Low
9327,24.0,Low
9335,35.7,Low
9336,31.8,Low
9340,36.41,Low
9341,40.62,Medium
9342,31.32,Low
9343,30.86,Low
9345,40.62,Medium
9347,31.8,Low
9350,36.41,Low
9353,28.86,Low
9356,36.41,Low
9361,24.0,Low
9362,40.62,Medium
9364,24.47,Low
9365,36.41,Low
9366,40.62,Medium
9369,31.8,Low
9370,24.47,Low
9372,36.41,Low
9376,36.41,Low
9379,35.7,Low
9380,36.41,Low
9385,36.41,Low
9387,36.41,Low
9389,35.7,Low
9393,31.32,Low
9394,31.8,Low
9396,24.0,Low
9401,24.0,Low
9402,30.86,Low
9410,28.86,Low
9411,35.7,Low
9413,31.8,Low
9416,24.0,Low
9417,31.8,Low
9419,30.86,Low
9425,31.8,Low
9429,24.47,Low
9434,31.8,Low
9438,30.86,Low
9445,35.7,Low
9450,40.62,Medium
9452,24.47,Low
9453,24.0,Low
9455,40.62,Medium
9456,31.8,Low
9459,30.86,Low
9460,31.8,Low
9461,35.7,Low
9464,31.32,Low
9468,36.41,Low
9475,24.47,Low
9478,31.32,Low
9480,36.41,Low
9482,31.8,Low
9484,30.86,Low
9485,28.86,Low
9487,31.8,Low
9488,35.7,Low
9489,36.41,Low
9493,31.8,Low
9496,24.47,Low
9497,30.86,Low
9508,31.8,Low
9513,35.7,Low
9514,31.32,Low
9518,28.86,Low
9519,31.8,Low
9528,31.8,Low
9532,31.8,Low
9533,31.8,Low
9538,31.32,Low
9541,31.8,Low
9545,31.8,Low
9549,35.7,Low
9551,28.86,Low
9552,36.41,Low
9560,31.8,Low
9561,35.7,Low
9562,31.8,Low
9563,31.8,Low
9571,40.62,Medium
9572,28.86,Low
9578,31.32,Low
9583,24.47,Low
9587,24.0,Low
9588,31.8,Low
9589,40.62,Medium
9593,30.86,Low
9597,30.86,Low
9599,24.47,Low
9603,30.86,Low
9604,40.62,Medium
9608,24.0,Low
9610,31.8,Low
9615,31.32,Low
9617,31.8,Low
9618,28.86,Low
9623,24.0,Low
9625,28.86,Low
9627,36.41,Low
9628,24.0,Low
9629,31.8,Low
9633,31.8,Low
9634,35.7,Low
9635,40.62,Medium
9639,28.86,Low
9642,36.41,Low
9646,30.86,Low
9648,24.47,Low
9649,28.86,Low
9652,28.86,Low
9661,40.62,Medium
9662,31.32,Low
9670,30.86,Low
9671,30.86,Low
9674,31.32,Low
9675,24.47,Low
9677,40.62,Medium
9678,36.41,Low
9679,28.86,Low
9685,31.8,Low
9689,31.8,Low
9690,31.8,Low
9693,31.8,Low
9694,40.62,Medium
9698,28.86,Low
9703,35.7,Low
9706,35.7,Low
9710,30.86,Low
9711,24.0,Low
9712,31.8,Low
9713,40.62,Medium
9716,31.8,Low
9721,28.86,Low
9722,31.32,Low
9724,31.32,Low
9726,40.62,Medium
9732,31.32,Low
9733,36.41,Low
9734,24.0,Low
9739,24.47,Low
9744,36.41,Low
9745,31.8,Low
9747,40.62,Medium
9752,24.47,Low
9753,28.86,Low
9768,31.8,Low
9769,35.7,Low
9770,31.8,Low
9773,31.32,Low
9775,24.0,Low
9777,30.86,Low
9778,24.47,Low
9779,31.32,Low
9780,31.8,Low
9784,28.86,Low
9785,28.86,Low
9792,31.8,Low
9793,35.7,Low
9795,36.41,Low
9796,30.86,Low
9799,24.47,Low
9800,31.8,Low
9802,36.41,Low
9804,30.86,Low
9806,28.86,Low
9807,40.62,Medium
9809,31.8,Low
9812,30.86,Low
9815,36.41,Low
9816,31.8,Low
9817,31.8,Low
9818,30.86,Low
9826,24.0,Low
9829,30.86,Low
9832,36.41,Low
9841,30.86,Low
9843,40.62,Medium
9853,31.8,Low
9867,35.7,Low
9868,35.7,Low
9869,35.7,Low
9872,24.0,Low
9873,31.32,Low
9874,30.86,Low
9875,31.8,Low
9876,36.41,Low
9879,24.0,Low
9882,31.8,Low
9884,24.47,Low
9886,40.62,Medium
9887,31.8,Low
9888,30.86,Low
9891,35.7,Low
9893,36.41,Low
9899,36.41,Low
9906,31.32,Low
9910,31.32,Low
9912,31.32,Low
9913,35.7,Low
9921,28.86,Low
9926,35.7,Low
9928,31.8,Low
9929,35.7,Low
9935,36.41,Low
9936,31.32,Low
9947,30.86,Low
9948,31.8,Low
9950,24.0,Low
9951,28.86,Low
9952,30.86,Low
9956,28.86,Low
9957,31.8,Low
9958,40.62,Medium
9960,30.86,Low
9971,36.41,Low
9973,40.62,Medium
9981,31.32,Low
9985,28.86,Low
9987,31.8,Low
9990,31.8,Low
9991,31.8,Low
9992,31.32,Low
9994,30.86,Low
9997,31.8,Low
10000,40.62,Medium
10004,31.8,Low
10006,31.32,Low
10009,36.41,Low
10014,35.7,Low
10020,31.8,Low
10023,35.7,Low
10024,31.32,Low
10026,31.8,Low
10029,40.62,Medium
10033,31.8,Low
10045,28.86,Low
10046,24.47,Low
10048,31.8,Low
10050,30.86,Low
10055,24.47,Low
10056,36.41,Low
10067,31.32,Low
10073,31.32,Low
10074,31.32,Low
10084,31.32,Low
10090,31.32,Low
10094,40.62,Medium
10096,28.86,Low
10100,28.86,Low
10108,30.86,Low
10113,24.47,Low
10114,40.62,Medium
10115,35.7,Low
10120,31.8,Low
10121,40.62,Medium
10122,30.86,Low
10129,28.86,Low
10130,31.8,Low
10131,35.7,Low
10135,24.47,Low
10138,31.8,Low
10143,35.7,Low
10145,31.8,Low
10146,31.32,Low
10149,31.8,Low
10156,36.41,Low
10162,31.8,Low
10163,28.86,Low
10165,36.41,Low
10167,31.32,Low
10170,31.8,Low
10172,31.8,Low
10174,31.8,Low
10183,24.0,Low
10184,28.86,Low
10185,31.32,Low
10190,35.7,Low
10191,24.0,Low
10192,30.86,Low
10196,40.62,Medium
10197,31.8,Low
10199,24.0,Low
10201,35.7,Low
10203,40.62,Medium
10210,28.86,Low
10212,36.41,Low
10217,36.41,Low
10218,28.86,Low
10219,24.0,Low
10231,30.86,Low
10234,31.8,Low
10235,31.32,Low
10237,30.86,Low
10238,35.7,Low
10240,28.86,Low
10242,31.32,Low
10246,28.86,Low
10248,24.0,Low
10252,36.41,Low
10253,31.8,Low
10257,28.86,Low
10261,31.8,Low
10264,30.86,Low
10272,28.86,Low
10274,31.32,Low
10275,30.86,Low
10277,31.8,Low
10278,40.62,Medium
10279,31.32,Low
10282,31.32,Low
10285,24.0,Low
10289,24.47,Low
10291,24.47,Low
10292,24.47,Low
10293,30.86,Low
10295,30.86,Low
10298,31.8,Low
10302,31.32,Low
10306,31.8,Low
10307,40.62,Medium
10312,24.47,Low
10315,30.86,Low
10320,28.86,Low
10324,30.86,Low
10325,24.47,Low
10326,31.32,Low
10327,31.8,Low
10332,24.0,Low
10334,31.32,Low
10335,35.7,Low
10336,24.47,Low
10338,31.32,Low
10339,24.47,Low
10346,31.8,Low
10348,24.47,Low
10349,24.47,Low
10350,35.7,Low
10358,30.86,Low
10371,24.47,Low
10372,40.62,Medium
10374,40.62,Medium
10375,24.0,Low
10376,31.8,Low
10384,31.32,Low
10389,40.62,Medium
10390,30.86,Low
10392,24.0,Low
10393,40.62,Medium
10394,31.8,Low
10395,40.62,Medium
10400,30.86,Low
10401,24.0,Low
10403,31.8,Low
10416,40.62,Medium
10418,31.32,Low
10426,36.41,Low
10429,31.8,Low
10430,24.0,Low
10443,40.62,Medium
10444,30.86,Low
10452,36.41,Low
10454,36.41,Low
10455,28.86,Low
10456,35.7,Low
10458,28.86,Low
10459,31.8,Low
10466,28.86,Low
10467,31.32,Low
10472,40.62,Medium
10474,31.32,Low
10479,24.47,Low
10480,24.47,Low
10482,28.86,Low
10484,30.86,Low
10492,30.86,Low
10495,24.47,Low
10497,35.7,Low
10499,28.86,Low
10501,28.86,Low
10502,35.7,Low
10505,28.86,Low
10507,28.86,Low
10509,31.8,Low
10510,31.32,Low
10513,31.32,Low
10514,28.86,Low
10516,31.8,Low
10518,24.47,Low
10520,31.8,Low
10524,24.47,Low
10528,28.86,Low
10529,31.8,Low
10530,28.86,Low
10532,28.86,Low
10534,24.47,Low
10541,30.86,Low
10542,36.41,Low
10545,36.41,Low
10546,30.86,Low
10547,31.8,Low
10550,36.41,Low
10551,36.41,Low
10552,28.86,Low
10554,28.86,Low
10559,31.8,Low
10562,31.8,Low
10565,31.8,Low
10566,35.7,Low
10570,35.7,Low
10571,35.7,Low
10573,36.41,Low
10576,35.7,Low
10577,24.0,Low
10581,30.86,Low
10582,40.62,Medium
10584,31.8,Low
10589,30.86,Low
10590,31.8,Low
10594,35.7,Low
10595,31.8,Low
10598,28.86,Low
10599,24.47,Low
10600,31.32,Low
10602,28.86,Low
10604,24.47,Low
10609,31.8,Low
10611,40.62,Medium
10613,36.41,Low
10617,30.86,Low
10621,28.86,Low
10623,35.7,Low
10624,35.7,Low
10630,24.47,Low
10635,24.47,Low
10636,30.86,Low
10640,30.86,Low
10642,31.8,Low
10645,31.8,Low
10647,30.86,Low
10651,40.62,Medium
10654,28.86,Low
10663,24.47,Low
10666,36.41,Low
10670,24.0,Low
10673,35.7,Low
10674,31.8,Low
10676,36.41,Low
10677,24.47,Low
10680,40.62,Medium
10683,36.41,Low
10686,36.41,Low
10687,40.62,Medium
10688,35.7,Low
10689,31.8,Low
10695,36.41,Low
10698,36.41,Low
10700,28.86,Low
10702,30.86,Low
10705,31.8,Low
10709,28.86,Low
10714,36.41,Low
10716,31.32,Low
10718,35.7,Low
10719,31.8,Low
10720,30.86,Low
10722,35.7,Low
10723,30.86,Low
10724,24.0,Low
10731,31.8,Low
10740,28.86,Low
10742,31.8,Low
10744,24.0,Low
10745,31.8,Low
10746,30.86,Low
10748,30.86,Low
10753,30.86,Low
10765,30.86,Low
10768,36.41,Low
10772,31.8,Low
10773,40.62,Medium
10775,28.86,Low
10777,24.47,Low
10779,31.8,Low
10780,24.47,Low
10790,35.7,Low
10791,31.8,Low
10792,28.86,Low
10795,31.8,Low
10800,35.7,Low
10804,40.62,Medium
10805,31.8,Low
10806,30.86,Low
10813,31.8,Low
10815,30.86,Low
10817,31.32,Low
10818,31.8,Low
10822,24.0,Low
10823,30.86,Low
10825,35.7,Low
10827,28.86,Low
10828,31.8,Low
10829,28.86,Low
10830,24.47,Low
10835,35.7,Low
10836,24.47,Low
10839,36.41,Low
10840,30.86,Low
10841,31.32,Low
10848,31.8,Low
10865,30.86,Low
10870,28.86,Low
10871,31.8,Low
10878,31.8,Low
10883,28.86,Low
10887,31.8,Low
10893,40.62,Medium
10901,24.47,Low
10905,40.62,Medium
10906,28.86,Low
10909,28.86,Low
10911,30.86,Low
10912,31.32,Low
10913,28.86,Low
10916,31.8,Low
10917,31.32,Low
10918,40.62,Medium
10919,24.47,Low
10921,24.0,Low
10925,30.86,Low
10934,36.41,Low
10935,28.86,Low
10936,28.86,Low
10937,40.62,Medium
10947,24.47,Low
10951,40.62,Medium
10952,31.8,Low
10954,31.8,Low
10957,36.41,Low
10960,31.8,Low
10961,40.62,Medium
10962,28.86,Low
10963,30.86,Low
10965,31.8,Low
10966,30.86,Low
10967,35.7,Low
10969,30.86,Low
10973,24.0,Low
10975,24.47,Low
10976,28.86,Low
10989,24.0,Low
10990,24.0,Low
10992,31.8,Low
10995,31.8,Low
10997,35.7,Low
11000,30.86,Low
11004,24.47,Low
11006,35.7,Low
11012,31.8,Low
11014,24.47,Low
11024,24.0,Low
11025,36.41,Low
11030,21.35,Low
11033,31.8,Low
11034,31.8,Low
11038,31.8,Low
11043,97.0,High
11044,100.0,High
11045,17.18,Low
11051,93.11,High
11054,99.0,High
11056,87.25,High
11060,21.35,Low
11063,31.8,Low
11064,31.8,Low
11068,31.8,Low
11073,97.0,High
11074,100.0,High
11075,17.18,Low
11081,93.11,High
11084,99.0,High
11086,87.25,High
11090,21.35,Low
11093,31.8,Low
11094,31.8,Low
11098,31.8,Low
11103,97.0,High
11104,100.0,High
11105,17.18,Low
11111,93.11,High
11114,99.0,High
11116,87.25,High
11120,21.35,Low
11123,31.8,Low
11124,31.8,Low
11128,31.8,Low
11133,97.0,High
11134,100.0,High
11135,17.18,Low
11141,93.11,High
11144,99.0,High
11146,87.25,High
11150,21.35,Low
11153,31.8,Low
11154,31.8,Low
11158,31.8,Low
11163,97.0,High
11164,100.0,High
11165,17.18,Low
11171,93.11,High
11174,99.0,High
11176,87.25,High
